[
    {
        "id": "642",
        "no": "metv7",
        "pos": "0",
        "no_order": "11",
        "type": "1",
        "style": "3",
        "selectd": "",
        "name": "met_foot",
        "value": "",
        "defaultvalue": "",
        "valueinfo": "底部设置",
        "tips": "",
        "lang": "cn",
        "bigclass": "0",
        "sub": [
            {
                "id": "646",
                "no": "metv7",
                "pos": "0",
                "no_order": "14",
                "type": "4",
                "style": "3",
                "selectd": "$M$底部$T$0$M$顶部$T$1",
                "name": "cn1_position",
                "value": "",
                "defaultvalue": "0",
                "valueinfo": "简繁体切换按钮位置",
                "tips": "",
                "lang": "cn",
                "bigclass": "642"
            },
            {
                "id": "645",
                "no": "metv7",
                "pos": "0",
                "no_order": "13",
                "type": "2",
                "style": "3",
                "selectd": "",
                "name": "footlink_title",
                "value": "",
                "defaultvalue": "友情链接",
                "valueinfo": "友情链接标题",
                "tips": "",
                "lang": "cn",
                "bigclass": "642"
            },
            {
                "id": "644",
                "no": "metv7",
                "pos": "0",
                "no_order": "12",
                "type": "4",
                "style": "3",
                "selectd": "$M$开启$T$1$M$关闭$T$0",
                "name": "link_ok",
                "value": "",
                "defaultvalue": "1",
                "valueinfo": "友情链接开关",
                "tips": "",
                "lang": "cn",
                "bigclass": "642"
            },
            {
                "id": "643",
                "no": "metv7",
                "pos": "0",
                "no_order": "15",
                "type": "4",
                "style": "3",
                "selectd": "$M$开启$T$1$M$关闭$T$0",
                "name": "cn1_ok",
                "value": "",
                "defaultvalue": "1",
                "valueinfo": "简繁体切换开关",
                "tips": "",
                "lang": "cn",
                "bigclass": "642"
            }
        ]
    },
    {
        "id": "640",
        "no": "metv7",
        "pos": "2",
        "no_order": "9",
        "type": "1",
        "style": "3",
        "selectd": "",
        "name": "met_news",
        "value": "",
        "defaultvalue": "",
        "valueinfo": "文章模块",
        "tips": "",
        "lang": "cn",
        "bigclass": "0",
        "sub": [
            {
                "id": "641",
                "no": "metv7",
                "pos": "2",
                "no_order": "10",
                "type": "4",
                "style": "3",
                "selectd": "$M$开启$T$1$M$关闭$T$0",
                "name": "news_imgok",
                "value": "",
                "defaultvalue": "1",
                "valueinfo": "图片开关",
                "tips": "",
                "lang": "cn",
                "bigclass": "640"
            }
        ]
    },
    {
        "id": "633",
        "no": "metv7",
        "pos": "3",
        "no_order": "8",
        "type": "1",
        "style": "3",
        "selectd": "",
        "name": "downlaod_bar",
        "value": "",
        "defaultvalue": "",
        "valueinfo": "下载模块",
        "tips": "",
        "lang": "cn",
        "bigclass": "0",
        "sub": [
            {
                "id": "639",
                "no": "metv7",
                "pos": "3",
                "no_order": "13",
                "type": "4",
                "style": "3",
                "selectd": "$M$开启$T$1$M$关闭$T$0",
                "name": "downloadsidebar_column_ok",
                "value": "",
                "defaultvalue": "1",
                "valueinfo": "侧栏栏目开关",
                "tips": "",
                "lang": "cn",
                "bigclass": "633"
            },
            {
                "id": "638",
                "no": "metv7",
                "pos": "3",
                "no_order": "14",
                "type": "4",
                "style": "3",
                "selectd": "$M$开启$T$1$M$关闭$T$0",
                "name": "sidebar_downloadlist_ok",
                "value": "",
                "defaultvalue": "1",
                "valueinfo": "侧栏文章列表开关",
                "tips": "",
                "lang": "cn",
                "bigclass": "633"
            },
            {
                "id": "637",
                "no": "metv7",
                "pos": "3",
                "no_order": "11",
                "type": "4",
                "style": "3",
                "selectd": "$M$全部$T$all$M$推荐$T$com",
                "name": "download_bar_list_type",
                "value": "",
                "defaultvalue": "all",
                "valueinfo": "侧栏列表下载类型",
                "tips": "",
                "lang": "cn",
                "bigclass": "633"
            },
            {
                "id": "636",
                "no": "metv7",
                "pos": "3",
                "no_order": "9",
                "type": "2",
                "style": "3",
                "selectd": "",
                "name": "download_bar_list_title",
                "value": "",
                "defaultvalue": "为你推荐",
                "valueinfo": "侧栏下载列表标题",
                "tips": "",
                "lang": "cn",
                "bigclass": "633"
            },
            {
                "id": "635",
                "no": "metv7",
                "pos": "3",
                "no_order": "12",
                "type": "4",
                "style": "3",
                "selectd": "$M$开启$T$1$M$关闭$T$0",
                "name": "download_column3_ok",
                "value": "",
                "defaultvalue": "1",
                "valueinfo": "三级栏目开关",
                "tips": "",
                "lang": "cn",
                "bigclass": "633"
            },
            {
                "id": "634",
                "no": "metv7",
                "pos": "3",
                "no_order": "10",
                "type": "2",
                "style": "3",
                "selectd": "",
                "name": "sidebar_downloadlist_num",
                "value": "",
                "defaultvalue": "5",
                "valueinfo": "侧栏下载列表数量",
                "tips": "",
                "lang": "cn",
                "bigclass": "633"
            }
        ]
    },
    {
        "id": "631",
        "no": "metv7",
        "pos": "2",
        "no_order": "3",
        "type": "1",
        "style": "3",
        "selectd": "",
        "name": "met_img",
        "value": "",
        "defaultvalue": "",
        "valueinfo": "图片模块",
        "tips": "",
        "lang": "cn",
        "bigclass": "0",
        "sub": [
            {
                "id": "632",
                "no": "metv7",
                "pos": "2",
                "no_order": "4",
                "type": "4",
                "style": "3",
                "selectd": "$M$浏览模式$T$1$M$详情模式$T$0",
                "name": "img_listlook_style",
                "value": "",
                "defaultvalue": "1",
                "valueinfo": "查看模式",
                "tips": "浏览模式为在列表页浏览图片，详情模式为点击进入详情页",
                "lang": "cn",
                "bigclass": "631"
            }
        ]
    },
    {
        "id": "629",
        "no": "metv7",
        "pos": "2",
        "no_order": "7",
        "type": "1",
        "style": "3",
        "selectd": "",
        "name": "subcolumn_nav",
        "value": "",
        "defaultvalue": "",
        "valueinfo": "子栏目设置",
        "tips": "",
        "lang": "cn",
        "bigclass": "0",
        "sub": [
            {
                "id": "630",
                "no": "metv7",
                "pos": "2",
                "no_order": "8",
                "type": "4",
                "style": "3",
                "selectd": "$M$开启$T$1$M$关闭$T$0",
                "name": "tagshow_2",
                "value": "",
                "defaultvalue": "1",
                "valueinfo": "区块开关",
                "tips": "",
                "lang": "cn",
                "bigclass": "629"
            }
        ]
    },
    {
        "id": "626",
        "no": "metv7",
        "pos": "0",
        "no_order": "8",
        "type": "1",
        "style": "3",
        "selectd": "",
        "name": "met_position",
        "value": "",
        "defaultvalue": "",
        "valueinfo": "当前位置",
        "tips": "",
        "lang": "cn",
        "bigclass": "0",
        "sub": [
            {
                "id": "628",
                "no": "metv7",
                "pos": "0",
                "no_order": "9",
                "type": "2",
                "style": "3",
                "selectd": "",
                "name": "position_text",
                "value": "",
                "defaultvalue": "你的位置",
                "valueinfo": "当前位置标题",
                "tips": "",
                "lang": "cn",
                "bigclass": "626"
            },
            {
                "id": "627",
                "no": "metv7",
                "pos": "0",
                "no_order": "10",
                "type": "4",
                "style": "3",
                "selectd": "$M$开启$T$1$M$关闭$T$0",
                "name": "tagshow_1",
                "value": "",
                "defaultvalue": "1",
                "valueinfo": "区域开关",
                "tips": "",
                "lang": "cn",
                "bigclass": "626"
            }
        ]
    },
    {
        "id": "619",
        "no": "metv7",
        "pos": "3",
        "no_order": "15",
        "type": "1",
        "style": "3",
        "selectd": "",
        "name": "img_bar",
        "value": "",
        "defaultvalue": "",
        "valueinfo": "图片模块",
        "tips": "",
        "lang": "cn",
        "bigclass": "0",
        "sub": [
            {
                "id": "625",
                "no": "metv7",
                "pos": "3",
                "no_order": "18",
                "type": "4",
                "style": "3",
                "selectd": "$M$全部$T$all$M$推荐$T$com",
                "name": "img_bar_list_type",
                "value": "",
                "defaultvalue": "all",
                "valueinfo": "侧栏列表图片类型",
                "tips": "",
                "lang": "cn",
                "bigclass": "619"
            },
            {
                "id": "624",
                "no": "metv7",
                "pos": "3",
                "no_order": "17",
                "type": "2",
                "style": "3",
                "selectd": "",
                "name": "img_bar_list_title",
                "value": "",
                "defaultvalue": "为您推荐",
                "valueinfo": "侧栏图片列表标题",
                "tips": "",
                "lang": "cn",
                "bigclass": "619"
            },
            {
                "id": "623",
                "no": "metv7",
                "pos": "3",
                "no_order": "16",
                "type": "4",
                "style": "3",
                "selectd": "$M$开启$T$1$M$关闭$T$0",
                "name": "img_bar_list_open",
                "value": "",
                "defaultvalue": "1",
                "valueinfo": "侧栏图片列表开关",
                "tips": "",
                "lang": "cn",
                "bigclass": "619"
            },
            {
                "id": "622",
                "no": "metv7",
                "pos": "3",
                "no_order": "20",
                "type": "4",
                "style": "3",
                "selectd": "$M$开启$T$1$M$关闭$T$0",
                "name": "imgbar_column_open",
                "value": "",
                "defaultvalue": "1",
                "valueinfo": "侧栏栏目开关",
                "tips": "",
                "lang": "cn",
                "bigclass": "619"
            },
            {
                "id": "621",
                "no": "metv7",
                "pos": "3",
                "no_order": "19",
                "type": "2",
                "style": "3",
                "selectd": "",
                "name": "img_bar_list_num",
                "value": "",
                "defaultvalue": "5",
                "valueinfo": "侧栏列表图片数量",
                "tips": "",
                "lang": "cn",
                "bigclass": "619"
            },
            {
                "id": "620",
                "no": "metv7",
                "pos": "3",
                "no_order": "21",
                "type": "4",
                "style": "3",
                "selectd": "$M$开启$T$1$M$关闭$T$0",
                "name": "img_column3_ok",
                "value": "",
                "defaultvalue": "1",
                "valueinfo": "三级栏目开关",
                "tips": "",
                "lang": "cn",
                "bigclass": "619"
            }
        ]
    },
    {
        "id": "614",
        "no": "metv7",
        "pos": "3",
        "no_order": "22",
        "type": "1",
        "style": "3",
        "selectd": "",
        "name": "product_bar",
        "value": "",
        "defaultvalue": "",
        "valueinfo": "产品模块侧边栏",
        "tips": "",
        "lang": "cn",
        "bigclass": "0",
        "sub": [
            {
                "id": "674",
                "no": "metv7",
                "pos": "3",
                "no_order": "26",
                "type": "4",
                "style": "3",
                "selectd": "当前一级栏目内容列表$T$1$M$TAG标签聚合$T$0",
                "name": "product_sidebar_content",
                "value": "1",
                "defaultvalue": "1",
                "valueinfo": "调用内容",
                "tips": "默认调用一级栏目内容列表",
                "lang": "cn",
                "bigclass": "614"
            },
            {
                "id": "617",
                "no": "metv7",
                "pos": "3",
                "no_order": "23",
                "type": "2",
                "style": "3",
                "selectd": "",
                "name": "product_sidebar_piclist_title",
                "value": "相关推荐",
                "defaultvalue": "热门推荐",
                "valueinfo": "区块标题",
                "tips": "",
                "lang": "cn",
                "bigclass": "614"
            },
            {
                "id": "615",
                "no": "metv7",
                "pos": "3",
                "no_order": "24",
                "type": "2",
                "style": "3",
                "selectd": "",
                "name": "product_sidebar_piclist_num",
                "value": "3",
                "defaultvalue": "5",
                "valueinfo": "调用条数",
                "tips": "",
                "lang": "cn",
                "bigclass": "614"
            },
            {
                "id": "616",
                "no": "metv7",
                "pos": "3",
                "no_order": "25",
                "type": "4",
                "style": "3",
                "selectd": "$M$全部$T$all$M$推荐$T$com",
                "name": "product_sidebar_piclist_type",
                "value": "all",
                "defaultvalue": "all",
                "valueinfo": "调用类型",
                "tips": "",
                "lang": "cn",
                "bigclass": "614"
            }
        ]
    },
    {
        "id": "608",
        "no": "metv7",
        "pos": "0",
        "no_order": "24",
        "type": "1",
        "style": "3",
        "selectd": "",
        "name": "banner",
        "value": "",
        "defaultvalue": "",
        "valueinfo": "banner设置",
        "tips": "",
        "lang": "cn",
        "bigclass": "0",
        "sub": [
            {
                "id": "613",
                "no": "metv7",
                "pos": "0",
                "no_order": "25",
                "type": "4",
                "style": "3",
                "selectd": "$M$提示$T$1",
                "name": "info",
                "value": "1",
                "defaultvalue": "1",
                "valueinfo": "提示",
                "tips": "此banner是图片不适合设置高度，如果觉得banner尺寸不合适请更换banner尺寸",
                "lang": "cn",
                "bigclass": "608"
            },
            {
                "id": "612",
                "no": "metv7",
                "pos": "0",
                "no_order": "26",
                "type": "9",
                "style": "3",
                "selectd": "",
                "name": "page_top_bgcolor",
                "value": "#1baadb",
                "defaultvalue": "#ccc",
                "valueinfo": "内页无banner背景色",
                "tips": "",
                "lang": "cn",
                "bigclass": "608"
            },
            {
                "id": "611",
                "no": "metv7",
                "pos": "0",
                "no_order": "27",
                "type": "9",
                "style": "3",
                "selectd": "",
                "name": "bannersub_color",
                "value": "#ffffff",
                "defaultvalue": "#fff",
                "valueinfo": "内页无banner字体色",
                "tips": "",
                "lang": "cn",
                "bigclass": "608"
            },
            {
                "id": "610",
                "no": "metv7",
                "pos": "0",
                "no_order": "28",
                "type": "2",
                "style": "3",
                "selectd": "",
                "name": "btn_margin",
                "value": "5",
                "defaultvalue": "5",
                "valueinfo": "电脑端按钮之间的边距",
                "tips": "默认为5px",
                "lang": "cn",
                "bigclass": "608"
            },
            {
                "id": "609",
                "no": "metv7",
                "pos": "0",
                "no_order": "29",
                "type": "2",
                "style": "3",
                "selectd": "",
                "name": "mbtn_margin",
                "value": "5",
                "defaultvalue": "5",
                "valueinfo": "手机端按钮之间的边距",
                "tips": "默认为5px",
                "lang": "cn",
                "bigclass": "608"
            }
        ]
    },
    {
        "id": "597",
        "no": "metv7",
        "pos": "1",
        "no_order": "18",
        "type": "1",
        "style": "3",
        "selectd": "",
        "name": "met_index_news",
        "value": "",
        "defaultvalue": "",
        "valueinfo": "首页新闻区块",
        "tips": "",
        "lang": "cn",
        "bigclass": "0",
        "sub": [
            {
                "id": "607",
                "no": "metv7",
                "pos": "1",
                "no_order": "28",
                "type": "2",
                "style": "3",
                "selectd": "",
                "name": "home_product_img_h",
                "value": "125",
                "defaultvalue": "125",
                "valueinfo": "缩略图高",
                "tips": "默认为125px",
                "lang": "cn",
                "bigclass": "597"
            },
            {
                "id": "606",
                "no": "metv7",
                "pos": "1",
                "no_order": "27",
                "type": "2",
                "style": "3",
                "selectd": "",
                "name": "home_product_img_w",
                "value": "200",
                "defaultvalue": "200",
                "valueinfo": "缩略图宽",
                "tips": "默认为200px",
                "lang": "cn",
                "bigclass": "597"
            },
            {
                "id": "605",
                "no": "metv7",
                "pos": "1",
                "no_order": "22",
                "type": "2",
                "style": "3",
                "selectd": "",
                "name": "home_news_num",
                "value": "4",
                "defaultvalue": "5",
                "valueinfo": "调用条数",
                "tips": "",
                "lang": "cn",
                "bigclass": "597"
            },
            {
                "id": "604",
                "no": "metv7",
                "pos": "1",
                "no_order": "26",
                "type": "2",
                "style": "3",
                "selectd": "",
                "name": "home_news_img_maxnum",
                "value": "80",
                "defaultvalue": "80",
                "valueinfo": "描述文字字数限制",
                "tips": "默认为80个字符",
                "lang": "cn",
                "bigclass": "597"
            },
            {
                "id": "603",
                "no": "metv7",
                "pos": "1",
                "no_order": "21",
                "type": "6",
                "style": "3",
                "selectd": "",
                "name": "home_news1",
                "value": "37",
                "defaultvalue": "4",
                "valueinfo": "调用栏目",
                "tips": "调用当前栏目的内容列表",
                "lang": "cn",
                "bigclass": "597"
            },
            {
                "id": "602",
                "no": "metv7",
                "pos": "1",
                "no_order": "25",
                "type": "4",
                "style": "3",
                "selectd": "显示$T$1$M$隐藏$T$0",
                "name": "home_news_img_ok",
                "value": "1",
                "defaultvalue": "1",
                "valueinfo": "是否显示图片",
                "tips": "默认为显示",
                "lang": "cn",
                "bigclass": "597"
            },
            {
                "id": "601",
                "no": "metv7",
                "pos": "1",
                "no_order": "24",
                "type": "2",
                "style": "3",
                "selectd": "",
                "name": "home_news_more",
                "value": "MORE",
                "defaultvalue": "MORE",
                "valueinfo": "更多文字",
                "tips": "",
                "lang": "cn",
                "bigclass": "597"
            },
            {
                "id": "600",
                "no": "metv7",
                "pos": "1",
                "no_order": "19",
                "type": "2",
                "style": "3",
                "selectd": "",
                "name": "index_news_title",
                "value": "新闻资讯",
                "defaultvalue": "标题",
                "valueinfo": "区块标题",
                "tips": "",
                "lang": "cn",
                "bigclass": "597"
            },
            {
                "id": "599",
                "no": "metv7",
                "pos": "1",
                "no_order": "23",
                "type": "4",
                "style": "3",
                "selectd": "$M$全部$T$all$M$推荐$T$com",
                "name": "home_news_type",
                "value": "all",
                "defaultvalue": "all",
                "valueinfo": "调用类型",
                "tips": "",
                "lang": "cn",
                "bigclass": "597"
            },
            {
                "id": "598",
                "no": "metv7",
                "pos": "1",
                "no_order": "20",
                "type": "3",
                "style": "3",
                "selectd": "",
                "name": "index_news_desc",
                "value": "Lorem Ipsum is simply dummy text",
                "defaultvalue": "描述",
                "valueinfo": "区块描述",
                "tips": "",
                "lang": "cn",
                "bigclass": "597"
            }
        ]
    },
    {
        "id": "590",
        "no": "metv7",
        "pos": "0",
        "no_order": "1",
        "type": "1",
        "style": "3",
        "selectd": "",
        "name": "met_head",
        "value": "",
        "defaultvalue": "",
        "valueinfo": "顶部设置",
        "tips": "",
        "lang": "cn",
        "bigclass": "0",
        "sub": [
            {
                "id": "596",
                "no": "metv7",
                "pos": "0",
                "no_order": "5",
                "type": "4",
                "style": "3",
                "selectd": "$M$鼠标经过$T$1$M$点击展开$T$0",
                "name": "navhoverok",
                "value": "1",
                "defaultvalue": "1",
                "valueinfo": "下拉方式",
                "tips": "",
                "lang": "cn",
                "bigclass": "590"
            },
            {
                "id": "595",
                "no": "metv7",
                "pos": "0",
                "no_order": "7",
                "type": "4",
                "style": "3",
                "selectd": "$M$开启$T$1$M$关闭$T$0",
                "name": "langlist1_icon_ok",
                "value": "1",
                "defaultvalue": "1",
                "valueinfo": "语言国旗开关",
                "tips": "",
                "lang": "cn",
                "bigclass": "590"
            },
            {
                "id": "594",
                "no": "metv7",
                "pos": "0",
                "no_order": "3",
                "type": "2",
                "style": "3",
                "selectd": "",
                "name": "nav_ml",
                "value": "10",
                "defaultvalue": "10",
                "valueinfo": "导航间距",
                "tips": "默认是0，仅支持5的倍数（0\/5\/10\/15\/20...最大50）<br\/>不同网站的导航数量不同，根据需求适当调整间距，让网站更协调。",
                "lang": "cn",
                "bigclass": "590"
            },
            {
                "id": "593",
                "no": "metv7",
                "pos": "0",
                "no_order": "2",
                "type": "4",
                "style": "3",
                "selectd": "$M$开启$T$1$M$关闭$T$0",
                "name": "navbarok",
                "value": "1",
                "defaultvalue": "1",
                "valueinfo": "下拉菜单",
                "tips": "",
                "lang": "cn",
                "bigclass": "590"
            },
            {
                "id": "592",
                "no": "metv7",
                "pos": "0",
                "no_order": "4",
                "type": "2",
                "style": "3",
                "selectd": "",
                "name": "all",
                "value": "全部",
                "defaultvalue": "全部",
                "valueinfo": "下拉菜单全部",
                "tips": "仅在手机端显示",
                "lang": "cn",
                "bigclass": "590"
            },
            {
                "id": "591",
                "no": "metv7",
                "pos": "0",
                "no_order": "6",
                "type": "4",
                "style": "3",
                "selectd": "$M$头部$T$1$M$底部$T$0",
                "name": "langlist_position",
                "value": "1",
                "defaultvalue": "1",
                "valueinfo": "多语言位置",
                "tips": "",
                "lang": "cn",
                "bigclass": "590"
            }
        ]
    },
    {
        "id": "582",
        "no": "metv7",
        "pos": "0",
        "no_order": "16",
        "type": "1",
        "style": "3",
        "selectd": "",
        "name": "global",
        "value": "",
        "defaultvalue": "",
        "valueinfo": "全局参数",
        "tips": "",
        "lang": "cn",
        "bigclass": "0",
        "sub": [
            {
                "id": "589",
                "no": "metv7",
                "pos": "0",
                "no_order": "21",
                "type": "2",
                "style": "3",
                "selectd": "",
                "name": "search_placeholder",
                "value": "请输入内容关键词",
                "defaultvalue": "请输入内容关键词",
                "valueinfo": "搜索文字",
                "tips": "",
                "lang": "cn",
                "bigclass": "582"
            },
            {
                "id": "588",
                "no": "metv7",
                "pos": "0",
                "no_order": "18",
                "type": "2",
                "style": "3",
                "selectd": "",
                "name": "sub_all",
                "value": "全部",
                "defaultvalue": "全部",
                "valueinfo": "页面文字",
                "tips": "",
                "lang": "cn",
                "bigclass": "582"
            },
            {
                "id": "587",
                "no": "metv7",
                "pos": "0",
                "no_order": "22",
                "type": "9",
                "style": "3",
                "selectd": "",
                "name": "first_color",
                "value": "#1baadb",
                "defaultvalue": "#000000",
                "valueinfo": "模板主色调",
                "tips": "",
                "lang": "cn",
                "bigclass": "582"
            },
            {
                "id": "586",
                "no": "metv7",
                "pos": "0",
                "no_order": "23",
                "type": "4",
                "style": "3",
                "selectd": "当前窗口打开$T$_self$M$新窗口打开$T$_blank$M$",
                "name": "met_listurlblank",
                "value": "_blank",
                "defaultvalue": "_self",
                "valueinfo": "页面链接",
                "tips": "",
                "lang": "cn",
                "bigclass": "582"
            },
            {
                "id": "585",
                "no": "metv7",
                "pos": "0",
                "no_order": "20",
                "type": "2",
                "style": "3",
                "selectd": "",
                "name": "nodata",
                "value": "没有数据了",
                "defaultvalue": "没有数据了",
                "valueinfo": "无数据提示",
                "tips": "",
                "lang": "cn",
                "bigclass": "582"
            },
            {
                "id": "584",
                "no": "metv7",
                "pos": "0",
                "no_order": "19",
                "type": "2",
                "style": "3",
                "selectd": "",
                "name": "page_ajax_next",
                "value": "加载更多",
                "defaultvalue": "加载更多",
                "valueinfo": "分页文字",
                "tips": "无刷新分页默认文字",
                "lang": "cn",
                "bigclass": "582"
            },
            {
                "id": "583",
                "no": "metv7",
                "pos": "0",
                "no_order": "17",
                "type": "2",
                "style": "3",
                "selectd": "",
                "name": "met_font",
                "value": "",
                "defaultvalue": "",
                "valueinfo": "页面字体",
                "tips": "非特殊语种，建议留空使用模板默认字体",
                "lang": "cn",
                "bigclass": "582"
            }
        ]
    },
    {
        "id": "580",
        "no": "metv7",
        "pos": "2",
        "no_order": "5",
        "type": "1",
        "style": "3",
        "selectd": "",
        "name": "met_job",
        "value": "",
        "defaultvalue": "",
        "valueinfo": "招聘模块",
        "tips": "",
        "lang": "cn",
        "bigclass": "0",
        "sub": [
            {
                "id": "581",
                "no": "metv7",
                "pos": "2",
                "no_order": "6",
                "type": "2",
                "style": "3",
                "selectd": "",
                "name": "cvtitle",
                "value": "在线应聘",
                "defaultvalue": "在线应聘",
                "valueinfo": "按钮文字",
                "tips": "",
                "lang": "cn",
                "bigclass": "580"
            }
        ]
    },
    {
        "id": "567",
        "no": "metv7",
        "pos": "1",
        "no_order": "1",
        "type": "1",
        "style": "3",
        "selectd": "",
        "name": "met_index_product",
        "value": "",
        "defaultvalue": "",
        "valueinfo": "首页产品区块",
        "tips": "",
        "lang": "cn",
        "bigclass": "0",
        "sub": [
            {
                "id": "579",
                "no": "metv7",
                "pos": "1",
                "no_order": "2",
                "type": "2",
                "style": "3",
                "selectd": "",
                "name": "index_product_title",
                "value": "产品中心",
                "defaultvalue": "标题",
                "valueinfo": "区块标题",
                "tips": "",
                "lang": "cn",
                "bigclass": "567"
            },
            {
                "id": "578",
                "no": "metv7",
                "pos": "1",
                "no_order": "3",
                "type": "3",
                "style": "3",
                "selectd": "",
                "name": "index_product_desc",
                "value": "Lorem Ipsum is simply dummy text",
                "defaultvalue": "描述",
                "valueinfo": "区块描述",
                "tips": "",
                "lang": "cn",
                "bigclass": "567"
            },
            {
                "id": "577",
                "no": "metv7",
                "pos": "1",
                "no_order": "5",
                "type": "2",
                "style": "3",
                "selectd": "",
                "name": "index_product_all",
                "value": "全部",
                "defaultvalue": "全部",
                "valueinfo": "栏目列表代表文字",
                "tips": "",
                "lang": "cn",
                "bigclass": "567"
            },
            {
                "id": "576",
                "no": "metv7",
                "pos": "1",
                "no_order": "4",
                "type": "6",
                "style": "3",
                "selectd": "",
                "name": "index_product_id",
                "value": "4",
                "defaultvalue": "",
                "valueinfo": "调用栏目",
                "tips": "",
                "lang": "cn",
                "bigclass": "567"
            },
            {
                "id": "575",
                "no": "metv7",
                "pos": "1",
                "no_order": "7",
                "type": "2",
                "style": "3",
                "selectd": "",
                "name": "index_product_column_lg",
                "value": "4",
                "defaultvalue": "4",
                "valueinfo": "普通电脑显示列数",
                "tips": "浏览器宽度大于992像素小于1600像素时",
                "lang": "cn",
                "bigclass": "567"
            },
            {
                "id": "574",
                "no": "metv7",
                "pos": "1",
                "no_order": "6",
                "type": "2",
                "style": "3",
                "selectd": "",
                "name": "index_product_column_xxl",
                "value": "4",
                "defaultvalue": "4",
                "valueinfo": "大尺寸电脑显示列数",
                "tips": "浏览器宽度大于1600像素时",
                "lang": "cn",
                "bigclass": "567"
            },
            {
                "id": "573",
                "no": "metv7",
                "pos": "1",
                "no_order": "8",
                "type": "2",
                "style": "3",
                "selectd": "",
                "name": "index_product_column_md",
                "value": "2",
                "defaultvalue": "2",
                "valueinfo": "平板显示列数",
                "tips": "浏览器宽度大于768像素小于992像素时",
                "lang": "cn",
                "bigclass": "567"
            },
            {
                "id": "572",
                "no": "metv7",
                "pos": "1",
                "no_order": "9",
                "type": "2",
                "style": "3",
                "selectd": "",
                "name": "index_product_column_xs",
                "value": "2",
                "defaultvalue": "2",
                "valueinfo": "手机显示列数",
                "tips": "浏览器宽度小于768像素时",
                "lang": "cn",
                "bigclass": "567"
            },
            {
                "id": "571",
                "no": "metv7",
                "pos": "1",
                "no_order": "10",
                "type": "2",
                "style": "3",
                "selectd": "",
                "name": "index_product_allnum",
                "value": "8",
                "defaultvalue": "8",
                "valueinfo": "调用条数",
                "tips": "每个列表调用信息最多条数",
                "lang": "cn",
                "bigclass": "567"
            },
            {
                "id": "570",
                "no": "metv7",
                "pos": "1",
                "no_order": "11",
                "type": "4",
                "style": "3",
                "selectd": "全部$T$all$M$推荐$T$com",
                "name": "index_product_type",
                "value": "all",
                "defaultvalue": "all",
                "valueinfo": "调用类型",
                "tips": "列表信息调用类型，【推荐】可以在添加或管理文章列表时设置。",
                "lang": "cn",
                "bigclass": "567"
            },
            {
                "id": "569",
                "no": "metv7",
                "pos": "1",
                "no_order": "13",
                "type": "2",
                "style": "3",
                "selectd": "",
                "name": "index_product_img_h",
                "value": "300",
                "defaultvalue": "300",
                "valueinfo": "缩略图高",
                "tips": "默认为300px",
                "lang": "cn",
                "bigclass": "567"
            },
            {
                "id": "568",
                "no": "metv7",
                "pos": "1",
                "no_order": "12",
                "type": "2",
                "style": "3",
                "selectd": "",
                "name": "index_product_img_w",
                "value": "484",
                "defaultvalue": "484",
                "valueinfo": "缩略图宽",
                "tips": "默认为484px",
                "lang": "cn",
                "bigclass": "567"
            }
        ]
    },
    {
        "id": "558",
        "no": "metv7",
        "pos": "1",
        "no_order": "29",
        "type": "1",
        "style": "3",
        "selectd": "",
        "name": "met_index_case",
        "value": "",
        "defaultvalue": "",
        "valueinfo": "首页合作伙伴",
        "tips": "",
        "lang": "cn",
        "bigclass": "0",
        "sub": [
            {
                "id": "566",
                "no": "metv7",
                "pos": "1",
                "no_order": "30",
                "type": "2",
                "style": "3",
                "selectd": "",
                "name": "home_case_title",
                "value": "合作伙伴",
                "defaultvalue": "标题",
                "valueinfo": "区块标题",
                "tips": "",
                "lang": "cn",
                "bigclass": "558"
            },
            {
                "id": "565",
                "no": "metv7",
                "pos": "1",
                "no_order": "31",
                "type": "2",
                "style": "3",
                "selectd": "",
                "name": "home_case_desc",
                "value": "Lorem Ipsum is simply dummy text",
                "defaultvalue": "描述",
                "valueinfo": "区块描述",
                "tips": "",
                "lang": "cn",
                "bigclass": "558"
            },
            {
                "id": "564",
                "no": "metv7",
                "pos": "1",
                "no_order": "33",
                "type": "2",
                "style": "3",
                "selectd": "",
                "name": "home_case_num",
                "value": "8",
                "defaultvalue": "8",
                "valueinfo": "调用条数",
                "tips": "默认调用8条",
                "lang": "cn",
                "bigclass": "558"
            },
            {
                "id": "563",
                "no": "metv7",
                "pos": "1",
                "no_order": "32",
                "type": "6",
                "style": "3",
                "selectd": "",
                "name": "home_case_id",
                "value": "38",
                "defaultvalue": "",
                "valueinfo": "栏目选择",
                "tips": "",
                "lang": "cn",
                "bigclass": "558"
            },
            {
                "id": "562",
                "no": "metv7",
                "pos": "1",
                "no_order": "34",
                "type": "4",
                "style": "3",
                "selectd": "全部$T$all$M$推荐$T$com",
                "name": "home_case_type",
                "value": "all",
                "defaultvalue": "all",
                "valueinfo": "调用类型",
                "tips": "",
                "lang": "cn",
                "bigclass": "558"
            },
            {
                "id": "561",
                "no": "metv7",
                "pos": "1",
                "no_order": "35",
                "type": "4",
                "style": "3",
                "selectd": "纯展示$T$0$M$超链接$T$1",
                "name": "home_case_linkok",
                "value": "1",
                "defaultvalue": "1",
                "valueinfo": "展示方式",
                "tips": "默认为超链接",
                "lang": "cn",
                "bigclass": "558"
            },
            {
                "id": "559",
                "no": "metv7",
                "pos": "1",
                "no_order": "36",
                "type": "2",
                "style": "3",
                "selectd": "",
                "name": "home_case_imgw",
                "value": "320",
                "defaultvalue": "320",
                "valueinfo": "缩略图宽",
                "tips": "默认为320px",
                "lang": "cn",
                "bigclass": "558"
            },
            {
                "id": "560",
                "no": "metv7",
                "pos": "1",
                "no_order": "37",
                "type": "2",
                "style": "3",
                "selectd": "",
                "name": "home_case_imgh",
                "value": "200",
                "defaultvalue": "200",
                "valueinfo": "缩略图高",
                "tips": "默认为200px",
                "lang": "cn",
                "bigclass": "558"
            }
        ]
    },
    {
        "id": "554",
        "no": "metv7",
        "pos": "1",
        "no_order": "14",
        "type": "1",
        "style": "3",
        "selectd": "",
        "name": "met_index_about",
        "value": "",
        "defaultvalue": "",
        "valueinfo": "首页简介区块",
        "tips": "",
        "lang": "cn",
        "bigclass": "0",
        "sub": [
            {
                "id": "557",
                "no": "metv7",
                "pos": "1",
                "no_order": "15",
                "type": "2",
                "style": "3",
                "selectd": "",
                "name": "home_about_title",
                "value": "关于我们",
                "defaultvalue": "标题",
                "valueinfo": "区块标题",
                "tips": "",
                "lang": "cn",
                "bigclass": "554"
            },
            {
                "id": "556",
                "no": "metv7",
                "pos": "1",
                "no_order": "16",
                "type": "2",
                "style": "3",
                "selectd": "",
                "name": "home_about_desc",
                "value": "Lorem Ipsum is simply dummy text",
                "defaultvalue": "描述",
                "valueinfo": "区块描述",
                "tips": "",
                "lang": "cn",
                "bigclass": "554"
            },
            {
                "id": "555",
                "no": "metv7",
                "pos": "1",
                "no_order": "17",
                "type": "8",
                "style": "3",
                "selectd": "",
                "name": "home_about_content",
                "value": "",
                "defaultvalue": "",
                "valueinfo": "区块内容",
                "tips": "",
                "lang": "cn",
                "bigclass": "554"
            }
        ]
    },
    {
        "id": "647",
        "no": "metv7",
        "pos": "3",
        "no_order": "1",
        "type": "1",
        "style": "3",
        "selectd": "",
        "name": "news_bar",
        "value": "",
        "defaultvalue": "",
        "valueinfo": "文章模块",
        "tips": "",
        "lang": "cn",
        "bigclass": "0",
        "sub": [
            {
                "id": "648",
                "no": "metv7",
                "pos": "3",
                "no_order": "6",
                "type": "2",
                "style": "3",
                "selectd": "",
                "name": "news_bar_list_num",
                "value": "",
                "defaultvalue": "5",
                "valueinfo": "侧栏列表文章数量",
                "tips": "",
                "lang": "cn",
                "bigclass": "647"
            },
            {
                "id": "649",
                "no": "metv7",
                "pos": "3",
                "no_order": "7",
                "type": "4",
                "style": "3",
                "selectd": "$M$全部$T$all$M$推荐$T$com",
                "name": "news_bar_list_type",
                "value": "",
                "defaultvalue": "all",
                "valueinfo": "侧栏列表文章类型",
                "tips": "",
                "lang": "cn",
                "bigclass": "647"
            },
            {
                "id": "650",
                "no": "metv7",
                "pos": "3",
                "no_order": "2",
                "type": "4",
                "style": "3",
                "selectd": "$M$开启$T$1$M$关闭$T$0",
                "name": "bar_column3_open",
                "value": "",
                "defaultvalue": "1",
                "valueinfo": "三级栏目开关",
                "tips": "除开产品模块以外的侧栏",
                "lang": "cn",
                "bigclass": "647"
            },
            {
                "id": "651",
                "no": "metv7",
                "pos": "3",
                "no_order": "4",
                "type": "4",
                "style": "3",
                "selectd": "$M$开启$T$1$M$关闭$T$0",
                "name": "news_bar_list_open",
                "value": "",
                "defaultvalue": "1",
                "valueinfo": "侧栏文章列表开关",
                "tips": "",
                "lang": "cn",
                "bigclass": "647"
            },
            {
                "id": "652",
                "no": "metv7",
                "pos": "3",
                "no_order": "3",
                "type": "4",
                "style": "3",
                "selectd": "$M$开启$T$1$M$关闭$T$0",
                "name": "bar_column_open",
                "value": "",
                "defaultvalue": "1",
                "valueinfo": "侧栏栏目开关",
                "tips": "除开产品模块以外的侧栏",
                "lang": "cn",
                "bigclass": "647"
            },
            {
                "id": "653",
                "no": "metv7",
                "pos": "3",
                "no_order": "5",
                "type": "2",
                "style": "3",
                "selectd": "",
                "name": "news_bar_list_title",
                "value": "",
                "defaultvalue": "为您推荐",
                "valueinfo": "侧栏文章列表标题",
                "tips": "",
                "lang": "cn",
                "bigclass": "647"
            }
        ]
    },
    {
        "id": "654",
        "no": "metv7",
        "pos": "2",
        "no_order": "1",
        "type": "1",
        "style": "3",
        "selectd": "",
        "name": "met_download",
        "value": "",
        "defaultvalue": "",
        "valueinfo": "下载模块",
        "tips": "",
        "lang": "cn",
        "bigclass": "0",
        "sub": [
            {
                "id": "655",
                "no": "metv7",
                "pos": "2",
                "no_order": "2",
                "type": "2",
                "style": "3",
                "selectd": "",
                "name": "download",
                "value": "",
                "defaultvalue": "立即下载",
                "valueinfo": "按钮文字",
                "tips": "",
                "lang": "cn",
                "bigclass": "654"
            }
        ]
    },
    {
        "id": "656",
        "no": "metv7",
        "pos": "0",
        "no_order": "30",
        "type": "1",
        "style": "3",
        "selectd": "",
        "name": "met_contact",
        "value": "",
        "defaultvalue": "",
        "valueinfo": "底部联系信息设置",
        "tips": "",
        "lang": "cn",
        "bigclass": "0",
        "sub": [
            {
                "id": "657",
                "no": "metv7",
                "pos": "0",
                "no_order": "47",
                "type": "2",
                "style": "3",
                "selectd": "",
                "name": "footinfo_email",
                "value": "",
                "defaultvalue": "",
                "valueinfo": "邮箱地址",
                "tips": "",
                "lang": "cn",
                "bigclass": "656"
            },
            {
                "id": "658",
                "no": "metv7",
                "pos": "0",
                "no_order": "46",
                "type": "4",
                "style": "3",
                "selectd": "$M$开启$T$1$M$关闭$T$0",
                "name": "footinfo_emailok",
                "value": "0",
                "defaultvalue": "0",
                "valueinfo": "邮箱",
                "tips": "",
                "lang": "cn",
                "bigclass": "656"
            },
            {
                "id": "659",
                "no": "metv7",
                "pos": "0",
                "no_order": "45",
                "type": "2",
                "style": "3",
                "selectd": "",
                "name": "footinfo_facebook",
                "value": "",
                "defaultvalue": "",
                "valueinfo": "Facebook网址",
                "tips": "",
                "lang": "cn",
                "bigclass": "656"
            },
            {
                "id": "660",
                "no": "metv7",
                "pos": "0",
                "no_order": "42",
                "type": "4",
                "style": "3",
                "selectd": "$M$开启$T$1$M$关闭$T$0",
                "name": "footinfo_googleok",
                "value": "0",
                "defaultvalue": "0",
                "valueinfo": "google+",
                "tips": "",
                "lang": "cn",
                "bigclass": "656"
            },
            {
                "id": "661",
                "no": "metv7",
                "pos": "0",
                "no_order": "44",
                "type": "4",
                "style": "3",
                "selectd": "$M$开启$T$1$M$关闭$T$0",
                "name": "footinfo_facebookok",
                "value": "0",
                "defaultvalue": "0",
                "valueinfo": "Facebook",
                "tips": "",
                "lang": "cn",
                "bigclass": "656"
            },
            {
                "id": "662",
                "no": "metv7",
                "pos": "0",
                "no_order": "41",
                "type": "2",
                "style": "3",
                "selectd": "",
                "name": "footinfo_twitter",
                "value": "",
                "defaultvalue": "",
                "valueinfo": "twitter网址",
                "tips": "",
                "lang": "cn",
                "bigclass": "656"
            },
            {
                "id": "663",
                "no": "metv7",
                "pos": "0",
                "no_order": "40",
                "type": "4",
                "style": "3",
                "selectd": "$M$开启$T$1$M$关闭$T$0",
                "name": "footinfo_twitterok",
                "value": "0",
                "defaultvalue": "0",
                "valueinfo": "twitter（推特）",
                "tips": "",
                "lang": "cn",
                "bigclass": "656"
            },
            {
                "id": "664",
                "no": "metv7",
                "pos": "0",
                "no_order": "39",
                "type": "2",
                "style": "3",
                "selectd": "",
                "name": "footinfo_sina",
                "value": "",
                "defaultvalue": "",
                "valueinfo": "新浪微博网址",
                "tips": "请输入微博网址",
                "lang": "cn",
                "bigclass": "656"
            },
            {
                "id": "665",
                "no": "metv7",
                "pos": "0",
                "no_order": "38",
                "type": "4",
                "style": "3",
                "selectd": "$M$开启$T$1$M$关闭$T$0",
                "name": "footinfo_sina_ok",
                "value": "1",
                "defaultvalue": "1",
                "valueinfo": "新浪微博",
                "tips": "",
                "lang": "cn",
                "bigclass": "656"
            },
            {
                "id": "666",
                "no": "metv7",
                "pos": "0",
                "no_order": "37",
                "type": "2",
                "style": "3",
                "selectd": "",
                "name": "footinfo_qq",
                "value": "",
                "defaultvalue": "",
                "valueinfo": "QQ号码",
                "tips": "点击QQ链接可直接对话，需要先到 shang.qq.com 免费开通。<br\/>企业营销QQ 无需开通",
                "lang": "cn",
                "bigclass": "656"
            },
            {
                "id": "667",
                "no": "metv7",
                "pos": "0",
                "no_order": "36",
                "type": "4",
                "style": "3",
                "selectd": "$M$个人QQ$T$1$M$企业营销QQ$T$2",
                "name": "foot_info_qqtype",
                "value": "1",
                "defaultvalue": "1",
                "valueinfo": "QQ类型",
                "tips": "个人QQ和企业营销QQ超链接结构不一样，因此请务必选择正确。",
                "lang": "cn",
                "bigclass": "656"
            },
            {
                "id": "668",
                "no": "metv7",
                "pos": "0",
                "no_order": "35",
                "type": "4",
                "style": "3",
                "selectd": "$M$开启$T$1$M$关闭$T$0",
                "name": "footinfo_qq_ok",
                "value": "1",
                "defaultvalue": "1",
                "valueinfo": "QQ",
                "tips": "",
                "lang": "cn",
                "bigclass": "656"
            },
            {
                "id": "669",
                "no": "metv7",
                "pos": "0",
                "no_order": "33",
                "type": "4",
                "style": "3",
                "selectd": "$M$开启$T$1$M$关闭$T$0",
                "name": "footinfo_wx_ok",
                "value": "1",
                "defaultvalue": "1",
                "valueinfo": "微信",
                "tips": "",
                "lang": "cn",
                "bigclass": "656"
            },
            {
                "id": "670",
                "no": "metv7",
                "pos": "0",
                "no_order": "43",
                "type": "2",
                "style": "3",
                "selectd": "",
                "name": "footinfo_google",
                "value": "",
                "defaultvalue": "",
                "valueinfo": "google+网址",
                "tips": "",
                "lang": "cn",
                "bigclass": "656"
            },
            {
                "id": "671",
                "no": "metv7",
                "pos": "0",
                "no_order": "32",
                "type": "2",
                "style": "3",
                "selectd": "",
                "name": "footinfo_dsc",
                "value": "100-000-0000",
                "defaultvalue": "",
                "valueinfo": "描述文字",
                "tips": "",
                "lang": "cn",
                "bigclass": "656"
            },
            {
                "id": "672",
                "no": "metv7",
                "pos": "0",
                "no_order": "31",
                "type": "2",
                "style": "3",
                "selectd": "",
                "name": "footinfo_tel",
                "value": "服务热线",
                "defaultvalue": "",
                "valueinfo": "服务热线",
                "tips": "",
                "lang": "cn",
                "bigclass": "656"
            },
            {
                "id": "673",
                "no": "metv7",
                "pos": "0",
                "no_order": "34",
                "type": "7",
                "style": "3",
                "selectd": "",
                "name": "footinfo_wx",
                "value": "",
                "defaultvalue": "",
                "valueinfo": "微信二维码",
                "tips": "",
                "lang": "cn",
                "bigclass": "656"
            }
        ]
    }
]